{"stats":{"minecraft:used":{"minecraft:mossy_cobblestone":1},"minecraft:custom":{"minecraft:jump":111,"minecraft:time_since_rest":76593,"minecraft:damage_dealt":186,"minecraft:crouch_one_cm":79,"minecraft:leave_game":6,"minecraft:sprint_one_cm":10327,"minecraft:play_time":76593,"minecraft:walk_one_cm":12143,"minecraft:time_since_death":76593,"minecraft:sneak_time":182,"minecraft:total_world_time":76593,"minecraft:mob_kills":1,"minecraft:drop":1,"minecraft:fall_one_cm":1103,"minecraft:fly_one_cm":99873},"minecraft:dropped":{"minecraft:mossy_cobblestone":1},"minecraft:picked_up":{"minecraft:arrow":2,"minecraft:bone":1,"minecraft:mossy_cobblestone":1}},"DataVersion":3465}