{"stats":{"minecraft:used":{"minecraft:mossy_cobblestone":1},"minecraft:custom":{"minecraft:jump":107,"minecraft:time_since_rest":66554,"minecraft:damage_dealt":143,"minecraft:crouch_one_cm":79,"minecraft:leave_game":4,"minecraft:sprint_one_cm":9462,"minecraft:play_time":66554,"minecraft:walk_one_cm":10713,"minecraft:time_since_death":66554,"minecraft:sneak_time":162,"minecraft:total_world_time":66554,"minecraft:mob_kills":1,"minecraft:drop":1,"minecraft:fall_one_cm":1103,"minecraft:fly_one_cm":90616},"minecraft:dropped":{"minecraft:mossy_cobblestone":1},"minecraft:picked_up":{"minecraft:arrow":2,"minecraft:bone":1}},"DataVersion":3465}